"body","to_timestamp"
"E","2017-10-01 08:00:11+08"
"E","2017-10-01 08:01:02+08"
"B","2017-10-01 08:01:24+08"
"E","2017-10-01 08:01:43+08"
"R","2017-10-01 08:01:48+08"
"N","2017-10-01 08:02:05+08"
"K","2017-10-01 08:02:15+08"
"E","2017-10-01 08:02:28+08"
"R","2017-10-01 08:03:01+08"
"N","2017-10-01 08:03:08+08"
"y","2017-10-01 08:03:19+08"
"y","2017-10-01 08:03:21+08"
".","2017-10-01 08:03:32+08"
"E","2017-10-01 08:03:40+08"
"T","2017-10-01 08:03:44+08"
"M","2017-10-01 08:03:47+08"
"ðŸ˜‚","2017-10-01 08:03:53+08"
"#","2017-10-01 08:04:00+08"
"ðŸ˜Š","2017-10-01 08:04:05+08"
"U","2017-10-01 08:04:32+08"
"R","2017-10-01 08:04:42+08"
"C","2017-10-01 08:04:47+08"
"Y","2017-10-01 08:04:51+08"
